"DisplayName","DisplayVersion","Publisher","InstallDate"
"Adobe Acrobat (64-bit)","26.001.21691","Adobe","20260628"
"Adobe Refresh Manager","1.8.0","Adobe Systems Incorporated","20260209"
"Application Verifier x64 External Package","10.1.19041.685","Microsoft","20240912"
"Application Verifier x64 External Package (DesktopEditions)","10.1.26100.7705","Microsoft","20260306"
"Application Verifier x64 External Package (OnecoreUAP)","10.1.26100.7705","Microsoft","20260306"
"ClickOnce Bootstrapper Package for Microsoft .NET Framework","4.8.09256","Microsoft Corporation","20260306"
"DiagnosticsHub_CollectionService","18.5.37003","Microsoft Corporation","20260419"
"Entity Framework 6.5.0 Tools  for Visual Studio 2022","6.5.0.0","Microsoft Corporation","20260306"
"Git","2.46.0","The Git Development Community","20240912"
"Google Chrome","150.0.7871.184","Google LLC","20260724"
"icecap_collection_neutral","18.5.11709","Microsoft Corporation","20260419"
"icecap_collection_x64","18.5.11709","Microsoft Corporation","20260419"
"IntelliTraceProfilerProxy","15.0.21225.01","Microsoft Corporation","20260306"
"IntelliTraceProfilerProxy","15.0.21225.01","Microsoft Corporation","20260306"
"Kits Configuration Installer","10.1.26100.7705","Microsoft","20260306"
"Microsoft .NET 10.0 Templates 10.0.202 x64","40.10.62758","Microsoft Corporation","20260419"
"Microsoft .NET AppHost Pack - 10.0.6 (x64)","80.24.50533","Microsoft Corporation","20260419"
"Microsoft .NET AppHost Pack - 10.0.6 (x64_arm64)","80.24.50533","Microsoft Corporation","20260419"
"Microsoft .NET AppHost Pack - 10.0.6 (x64_x86)","80.24.50533","Microsoft Corporation","20260419"
"Microsoft .NET Framework 4.7.2 Targeting Pack","4.7.03062","Microsoft Corporation","20260306"
"Microsoft .NET Framework 4.7.2 Targeting Pack (ENU)","4.7.03062","Microsoft Corporation","20260306"
"Microsoft .NET Framework 4.8 SDK","4.8.03928","Microsoft Corporation","20260306"
"Microsoft .NET Framework 4.8 Targeting Pack","4.8.03761","Microsoft Corporation","20260306"
"Microsoft .NET Framework 4.8 Targeting Pack (ENU)","4.8.03761","Microsoft Corporation","20260306"
"Microsoft .NET Framework Cumulative Intellisense Pack for Visual Studio (ENU)","4.8.09037","Microsoft Corporation","20260306"
"Microsoft .NET Host - 10.0.6 (x64)","80.24.50533","Microsoft Corporation","20260419"
"Microsoft .NET Host - 10.0.6 (x86)","80.24.50533","Microsoft Corporation","20260419"
"Microsoft .NET Host FX Resolver - 10.0.6 (x64)","80.24.50533","Microsoft Corporation","20260419"
"Microsoft .NET Host FX Resolver - 10.0.6 (x86)","80.24.50533","Microsoft Corporation","20260419"
"Microsoft .NET Runtime - 10.0.6 (x64)","80.24.50533","Microsoft Corporation","20260419"
"Microsoft .NET Runtime - 10.0.6 (x86)","80.24.50533","Microsoft Corporation","20260419"
"Microsoft .NET SDK 10.0.202 (x64) from Visual Studio","40.10.62758","Microsoft Corporation","20260419"
"Microsoft .NET Standard Targeting Pack - 2.1.0 (x64)","24.0.28113","Microsoft Corporation","20260306"
"Microsoft .NET Targeting Pack - 10.0.6 (x64)","80.24.50533","Microsoft Corporation","20260419"
"Microsoft .NET Targeting Pack - 10.0.6 (x86)","80.24.50533","Microsoft Corporation","20260419"
"Microsoft .NET Toolset 10.0.202 (x64)","40.10.62758","Microsoft Corporation","20260419"
"Microsoft ASP.NET Core Runtime - 10.0.6 (x64)","80.24.50533","Microsoft Corporation","20260419"
"Microsoft ASP.NET Core Runtime - 10.0.6 (x86)","80.24.50533","Microsoft Corporation","20260419"
"Microsoft ASP.NET Core Targeting Pack - 10.0.6 (x64)","80.24.50533","Microsoft Corporation","20260419"
"Microsoft ASP.NET Core Targeting Pack - 10.0.6 (x86)","80.24.50533","Microsoft Corporation","20260419"
"Microsoft Edge","150.0.4078.83","Microsoft Corporation","20260722"
"Microsoft Edge WebView2 Runtime","150.0.4078.83","Microsoft Corporation","20260722"
"Microsoft System CLR Types for SQL Server 2019","15.0.2000.5","Microsoft Corporation","20260306"
"Microsoft Teams Meeting Add-in for Microsoft Office","1.26.16801","Microsoft","20260724"
"Microsoft TestPlatform SDK Local Feed","17.10.0.9037153","Microsoft","20260306"
"Microsoft Update Health Tools","5.72.0.0","Microsoft Corporation","20240315"
"Microsoft Visual C++ 2022 X64 Additional Runtime - 14.50.35719","14.50.35719","Microsoft Corporation","20260306"
"Microsoft Visual C++ 2022 X64 Debug Runtime - 14.50.35719","14.50.35719","Microsoft Corporation","20260306"
"Microsoft Visual C++ 2022 X64 Minimum Runtime - 14.50.35719","14.50.35719","Microsoft Corporation","20260306"
"Microsoft Visual C++ 2022 X86 Additional Runtime - 14.50.35719","14.50.35719","Microsoft Corporation","20260306"
"Microsoft Visual C++ 2022 X86 Debug Runtime - 14.50.35719","14.50.35719","Microsoft Corporation","20260306"
"Microsoft Visual C++ 2022 X86 Minimum Runtime - 14.50.35719","14.50.35719","Microsoft Corporation","20260306"
"Microsoft Visual C++ v14 Redistributable (x64) - 14.50.35719","14.50.35719.0","Microsoft Corporation",
"Microsoft Visual C++ v14 Redistributable (x86) - 14.50.35719","14.50.35719.0","Microsoft Corporation",
"Microsoft Visual Studio Installer","4.5.35.35368","Microsoft Corporation","20240912"
"Microsoft Visual Studio Setup Configuration","4.5.6.38525","Microsoft Corporation","20260419"
"Microsoft Visual Studio Setup WMI Provider","4.5.6.38525","Microsoft Corporation","20260419"
"Microsoft Windows Desktop Runtime - 10.0.6 (x64)","80.24.50533","Microsoft Corporation","20260419"
"Microsoft Windows Desktop Runtime - 10.0.6 (x86)","80.24.50533","Microsoft Corporation","20260419"
"Microsoft Windows Desktop Targeting Pack - 10.0.6 (x64)","80.24.50533","Microsoft Corporation","20260419"
"Microsoft Windows Desktop Targeting Pack - 10.0.6 (x86)","80.24.50533","Microsoft Corporation","20260419"
"Microsoft.NET.Sdk.Android.Manifest-10.0.100 (x64)","36.1.43","Microsoft Corporation","20260419"
"Microsoft.NET.Sdk.iOS.Manifest-10.0.100 (x64)","255.223.10233","Microsoft Corporation","20260419"
"Microsoft.NET.Sdk.MacCatalyst.Manifest-10.0.100 (x64)","255.223.10233","Microsoft Corporation","20260419"
"Microsoft.NET.Sdk.macOS.Manifest-10.0.100 (x64)","255.223.10233","Microsoft Corporation","20260419"
"Microsoft.NET.Sdk.Maui.Manifest-10.0.100 (x64)","10.0.20","Microsoft Corporation","20260306"
"Microsoft.NET.Sdk.tvOS.Manifest-10.0.100 (x64)","255.223.10233","Microsoft Corporation","20260419"
"Microsoft.NET.Workload.Emscripten.Current.Manifest-10.0.100 (x64)","81.168.50533","Microsoft Corporation","20260419"
"Microsoft.NET.Workload.Emscripten.net6.Manifest-10.0.100 (x64)","81.168.50533","Microsoft Corporation","20260419"
"Microsoft.NET.Workload.Emscripten.net7.Manifest-10.0.100 (x64)","81.168.50533","Microsoft Corporation","20260419"
"Microsoft.NET.Workload.Emscripten.net8.Manifest-10.0.100 (x64)","81.168.50533","Microsoft Corporation","20260419"
"Microsoft.NET.Workload.Emscripten.net9.Manifest-10.0.100 (x64)","81.168.50533","Microsoft Corporation","20260419"
"Microsoft.NET.Workload.Mono.Toolchain.Current.Manifest-10.0.100 (x64)","81.168.50533","Microsoft Corporation","20260419"
"Microsoft.NET.Workload.Mono.Toolchain.net6.Manifest-10.0.100 (x64)","81.168.50533","Microsoft Corporation","20260419"
"Microsoft.NET.Workload.Mono.Toolchain.net7.Manifest-10.0.100 (x64)","81.168.50533","Microsoft Corporation","20260419"
"Microsoft.NET.Workload.Mono.Toolchain.net8.Manifest-10.0.100 (x64)","81.168.50533","Microsoft Corporation","20260419"
"Microsoft.NET.Workload.Mono.Toolchain.net9.Manifest-10.0.100 (x64)","81.168.50533","Microsoft Corporation","20260419"
"MSI Development Tools","10.1.26100.7705","Microsoft Corporation","20260306"
"MSI Development Tools","10.1.19041.685","Microsoft Corporation","20240912"
"Node.js","20.17.0","Node.js Foundation","20240912"
"NVIDIA Graphics Driver 441.37","441.37","NVIDIA Corporation","20250225"
"NVIDIA Install Application","2.1002.334.1","NVIDIA Corporation","20250225"
"PredatorSense Service","3.00.3136","Acer Incorporated","20240708"
"Python 3.12.6 Add to Path (64-bit)","3.12.6150.0","Python Software Foundation","20240912"
"Python 3.12.6 Core Interpreter (64-bit)","3.12.6150.0","Python Software Foundation","20240912"
"Python 3.12.6 Development Libraries (64-bit)","3.12.6150.0","Python Software Foundation","20240912"
"Python 3.12.6 Documentation (64-bit)","3.12.6150.0","Python Software Foundation","20240912"
"Python 3.12.6 Executables (64-bit)","3.12.6150.0","Python Software Foundation","20240912"
"Python 3.12.6 pip Bootstrap (64-bit)","3.12.6150.0","Python Software Foundation","20240912"
"Python 3.12.6 Standard Library (64-bit)","3.12.6150.0","Python Software Foundation","20240912"
"Python 3.12.6 Tcl/Tk Support (64-bit)","3.12.6150.0","Python Software Foundation","20240912"
"Python 3.12.6 Test Suite (64-bit)","3.12.6150.0","Python Software Foundation","20240912"
"Python Launcher","3.12.6150.0","Python Software Foundation","20240912"
"SDK ARM64 Additions","10.1.26100.7705","Microsoft Corporation","20260306"
"SDK ARM64 Redistributables","10.1.26100.7705","Microsoft Corporation","20260306"
"Universal CRT Extension SDK","10.1.19041.685","Microsoft Corporation","20240912"
"Universal CRT Extension SDK","10.1.26100.7705","Microsoft Corporation","20260306"
"Universal CRT Headers Libraries and Sources","10.1.26100.7705","Microsoft Corporation","20260306"
"Universal CRT Headers Libraries and Sources","10.1.19041.685","Microsoft Corporation","20240912"
"Universal CRT Redistributable","10.0.26624","Microsoft Corporation","20240912"
"Universal CRT Redistributable","10.1.26100.7705","Microsoft Corporation","20260306"
"Universal CRT Redistributable","10.1.19041.685","Microsoft Corporation","20240912"
"Universal CRT Tools x64","10.1.26100.7705","Microsoft Corporation","20260306"
"Universal CRT Tools x86","10.1.26100.7705","Microsoft Corporation","20260306"
"Universal General MIDI DLS Extension SDK","10.1.19041.685","Microsoft Corporation","20240912"
"Universal General MIDI DLS Extension SDK","10.1.26100.7705","Microsoft Corporation","20260306"
"vcpp_crt.redist.clickonce","14.29.30153","Microsoft Corporation","20240912"
"vcpp_crt.redist.clickonce","14.50.35719","Microsoft Corporation","20260306"
"Visual Studio Build Tools 2019","16.11.40","Microsoft Corporation","20240912"
"Visual Studio Community 2026","18.5.1","Microsoft Corporation","20260306"
"VS Immersive Activate Helper","17.0.157.0","Microsoft Corporation","20260306"
"VS JIT Debugger","17.0.157.0","Microsoft Corporation","20260306"
"VS Script Debugging Common","17.0.157.0","Microsoft Corporation","20260306"
"vs_BlendMsi","18.5.11709","Microsoft Corporation","20260419"
"vs_clickoncebootstrappermsi","18.5.11709","Microsoft Corporation","20260419"
"vs_clickoncebootstrappermsires","18.5.11709","Microsoft Corporation","20260419"
"vs_clickoncesigntoolmsi","18.5.11709","Microsoft Corporation","20260419"
"vs_codecoveragemsi","18.5.11709","Microsoft Corporation","20260419"
"vs_communitymsires","18.5.11709","Microsoft Corporation","20260419"
"vs_communitysharedmsi","18.5.11709","Microsoft Corporation","20260419"
"vs_communityx64msi","18.5.11709","Microsoft Corporation","20260419"
"vs_CoreEditorFonts","17.7.40001","Microsoft Corporation","20260306"
"vs_devenvsharedmsi","18.5.11709","Microsoft Corporation","20260419"
"vs_devenx64vmsi","18.5.11709","Microsoft Corporation","20260419"
"vs_filehandler_amd64","18.5.11709","Microsoft Corporation","20260419"
"vs_filehandler_x86","18.5.11709","Microsoft Corporation","20260419"
"vs_FileTracker_Singleton","18.5.11709","Microsoft Corporation","20260419"
"vs_githubprotocolhandlermsi","18.5.11709","Microsoft Corporation","20260419"
"vs_Graphics_Singletonx64","18.5.11709","Microsoft Corporation","20260419"
"vs_Graphics_Singletonx86","18.5.11709","Microsoft Corporation","20260419"
"vs_minshellinteropsharedmsi","18.5.11709","Microsoft Corporation","20260419"
"vs_minshellinteropx64msi","18.5.11709","Microsoft Corporation","20260419"
"vs_minshellmsires","18.5.11709","Microsoft Corporation","20260419"
"vs_minshellsharedmsi","18.5.11709","Microsoft Corporation","20260419"
"vs_minshellx64msi","18.5.11709","Microsoft Corporation","20260419"
"vs_SQLClickOnceBootstrappermsi","18.5.11709","Microsoft Corporation","20260419"
"vs_tipsmsi","18.5.11709","Microsoft Corporation","20260419"
"vs_vswebprotocolselectormsi","18.5.11709","Microsoft Corporation","20260419"
"WinAppDeploy","10.1.19041.685","Microsoft Corporation","20240912"
"WinAppDeploy","10.1.26100.7705","Microsoft Corporation","20260306"
"Windows App Certification Kit Native Components","10.1.26100.7705","Microsoft Corporation","20260306"
"Windows App Certification Kit SupportedApiList x86","10.1.26100.7705","Microsoft Corporation","20260306"
"Windows App Certification Kit x64","10.1.26100.7705","Microsoft Corporation","20260306"
"Windows App Certification Kit x64 (OnecoreUAP)","10.1.26100.7705","Microsoft Corporation","20260306"
"Windows Desktop Extension SDK","10.1.19041.685","Microsoft Corporation","20240912"
"Windows Desktop Extension SDK","10.1.26100.7705","Microsoft Corporation","20260306"
"Windows Desktop Extension SDK Contracts","10.1.19041.685","Microsoft Corporation","20240912"
"Windows Desktop Extension SDK Contracts","10.1.26100.7705","Microsoft Corporation","20260306"
"Windows IoT Extension SDK","10.1.19041.685","Microsoft Corporation","20240912"
"Windows IoT Extension SDK","10.1.26100.7705","Microsoft Corporation","20260306"
"Windows IoT Extension SDK Contracts","10.1.19041.685","Microsoft Corporation","20240912"
"Windows IoT Extension SDK Contracts","10.1.26100.7705","Microsoft Corporation","20260306"
"Windows Mobile Extension SDK","10.1.26100.7705","Microsoft Corporation","20260306"
"Windows Mobile Extension SDK","10.1.19041.685","Microsoft Corporation","20240912"
"Windows Mobile Extension SDK Contracts","10.1.19041.685","Microsoft Corporation","20240912"
"Windows Mobile Extension SDK Contracts","10.1.26100.7705","Microsoft Corporation","20260306"
"Windows SDK","10.1.26100.7705","Microsoft Corporation","20260306"
"Windows SDK AddOn","10.1.0.0","Microsoft Corporation","20240912"
"Windows SDK ARM Desktop Tools","10.1.19041.685","Microsoft Corporation","20240912"
"Windows SDK ARM64 Desktop Tools","10.1.26100.7705","Microsoft Corporation","20260306"
"Windows SDK Desktop Headers arm","10.1.19041.685","Microsoft Corporation","20240912"
"Windows SDK Desktop Headers arm64","10.1.19041.685","Microsoft Corporation","20240912"
"Windows SDK Desktop Headers arm64","10.1.26100.7705","Microsoft Corporation","20260306"
"Windows SDK Desktop Headers x64","10.1.26100.7705","Microsoft Corporation","20260306"
"Windows SDK Desktop Headers x64","10.1.19041.685","Microsoft Corporation","20240912"
"Windows SDK Desktop Headers x86","10.1.26100.7705","Microsoft Corporation","20260306"
"Windows SDK Desktop Headers x86","10.1.19041.685","Microsoft Corporation","20240912"
"Windows SDK Desktop Libs arm","10.1.19041.685","Microsoft Corporation","20240912"
"Windows SDK Desktop Libs arm64","10.1.26100.7705","Microsoft Corporation","20260306"
"Windows SDK Desktop Libs arm64","10.1.19041.685","Microsoft Corporation","20240912"
"Windows SDK Desktop Libs x64","10.1.26100.7705","Microsoft Corporation","20260306"
"Windows SDK Desktop Libs x64","10.1.19041.685","Microsoft Corporation","20240912"
"Windows SDK Desktop Libs x86","10.1.26100.7705","Microsoft Corporation","20260306"
"Windows SDK Desktop Libs x86","10.1.19041.685","Microsoft Corporation","20240912"
"Windows SDK Desktop Tools arm64","10.1.19041.685","Microsoft Corporation","20240912"
"Windows SDK Desktop Tools arm64","10.1.26100.7705","Microsoft Corporation","20260306"
"Windows SDK Desktop Tools x64","10.1.26100.7705","Microsoft Corporation","20260306"
"Windows SDK Desktop Tools x64","10.1.19041.685","Microsoft Corporation","20240912"
"Windows SDK Desktop Tools x86","10.1.19041.685","Microsoft Corporation","20240912"
"Windows SDK Desktop Tools x86","10.1.26100.7705","Microsoft Corporation","20260306"
"Windows SDK DirectX x64 Remote","10.1.26100.7705","Microsoft Corporation","20260306"
"Windows SDK DirectX x86 Remote","10.1.26100.7705","Microsoft Corporation","20260306"
"Windows SDK EULA","10.1.19041.685","Microsoft Corporations","20240912"
"Windows SDK EULA","10.1.26100.7705","Microsoft Corporations","20260306"
"Windows SDK Facade Windows WinMD Versioned","10.1.19041.685","Microsoft Corporation","20240912"
"Windows SDK Facade Windows WinMD Versioned","10.1.26100.7705","Microsoft Corporation","20260306"
"Windows SDK for Windows Store Apps","10.1.26100.7705","Microsoft Corporation","20260306"
"Windows SDK for Windows Store Apps Contracts","10.1.26100.7705","Microsoft Corporation","20260306"
"Windows SDK for Windows Store Apps Contracts","10.1.19041.685","Microsoft Corporation","20240912"
"Windows SDK for Windows Store Apps DirectX x86 Remote","10.1.19041.685","Microsoft Corporation","20240912"
"Windows SDK for Windows Store Apps DirectX x86 Remote","10.1.26100.7705","Microsoft Corporation","20260306"
"Windows SDK for Windows Store Apps Headers","10.1.19041.685","Microsoft Corporation","20240912"
"Windows SDK for Windows Store Apps Headers","10.1.26100.7705","Microsoft Corporation","20260306"
"Windows SDK for Windows Store Apps Headers OnecoreUap","10.1.26100.7705","Microsoft Corporation","20260306"
"Windows SDK for Windows Store Apps Libs","10.1.19041.685","Microsoft Corporation","20240912"
"Windows SDK for Windows Store Apps Libs","10.1.26100.7705","Microsoft Corporation","20260306"
"Windows SDK for Windows Store Apps Metadata","10.1.19041.685","Microsoft Corporation","20240912"
"Windows SDK for Windows Store Apps Metadata","10.1.26100.7705","Microsoft Corporation","20260306"
"Windows SDK for Windows Store Apps Tools","10.1.26100.7705","Microsoft Corporation","20260306"
"Windows SDK for Windows Store Apps Tools","10.1.19041.685","Microsoft Corporation","20240912"
"Windows SDK for Windows Store Managed Apps Libs","10.1.26100.7705","Microsoft Corporation","20260306"
"Windows SDK for Windows Store Managed Apps Libs","10.1.19041.685","Microsoft Corporation","20240912"
"Windows SDK Modern Non-Versioned Developer Tools","10.1.26100.7705","Microsoft Corporation","20260306"
"Windows SDK Modern Versioned Developer Tools","10.1.19041.685","Microsoft Corporation","20240912"
"Windows SDK Modern Versioned Developer Tools","10.1.26100.7705","Microsoft Corporation","20260306"
"Windows SDK OnecoreUap Headers arm64","10.1.26100.7705","Microsoft Corporation","20260306"
"Windows SDK OnecoreUap Headers x64","10.1.26100.7705","Microsoft Corporation","20260306"
"Windows SDK OnecoreUap Headers x86","10.1.26100.7705","Microsoft Corporation","20260306"
"Windows SDK Redistributables","10.1.26100.7705","Microsoft Corporation","20260306"
"Windows SDK Signing Tools","10.1.19041.685","Microsoft Corporation","20240912"
"Windows SDK Signing Tools","10.1.26100.7705","Microsoft Corporation","20260306"
"Windows Software Development Kit - Windows 10.0.19041.685","10.1.19041.685","Microsoft Corporation",
"Windows Software Development Kit - Windows 10.0.26100.7705","10.1.26100.7705","Microsoft Corporation",
"Windows Team Extension SDK","10.1.26100.7705","Microsoft Corporation","20260306"
"Windows Team Extension SDK","10.1.19041.685","Microsoft Corporation","20240912"
"Windows Team Extension SDK Contracts","10.1.19041.685","Microsoft Corporation","20240912"
"Windows Team Extension SDK Contracts","10.1.26100.7705","Microsoft Corporation","20260306"
"WinRT Intellisense Desktop - en-us","10.1.19041.685","Microsoft Corporation","20240912"
"WinRT Intellisense Desktop - en-us","10.1.26100.7705","Microsoft Corporation","20260306"
"WinRT Intellisense Desktop - Other Languages","10.1.19041.685","Microsoft Corporation","20240912"
"WinRT Intellisense Desktop - Other Languages","10.1.26100.7705","Microsoft Corporation","20260306"
"WinRT Intellisense IoT - en-us","10.1.19041.685","Microsoft Corporation","20240912"
"WinRT Intellisense IoT - en-us","10.1.26100.7705","Microsoft Corporation","20260306"
"WinRT Intellisense IoT - Other Languages","10.1.19041.685","Microsoft Corporation","20240912"
"WinRT Intellisense IoT - Other Languages","10.1.26100.7705","Microsoft Corporation","20260306"
"WinRT Intellisense Mobile - en-us","10.1.19041.685","Microsoft Corporation","20240912"
"WinRT Intellisense Mobile - en-us","10.1.26100.7705","Microsoft Corporation","20260306"
"WinRT Intellisense PPI - en-us","10.1.26100.7705","Microsoft Corporation","20260306"
"WinRT Intellisense PPI - en-us","10.1.19041.685","Microsoft Corporation","20240912"
"WinRT Intellisense PPI - Other Languages","10.1.19041.685","Microsoft Corporation","20240912"
"WinRT Intellisense PPI - Other Languages","10.1.26100.7705","Microsoft Corporation","20260306"
"WinRT Intellisense UAP - en-us","10.1.19041.685","Microsoft Corporation","20240912"
"WinRT Intellisense UAP - en-us","10.1.26100.7705","Microsoft Corporation","20260306"
"WinRT Intellisense UAP - Other Languages","10.1.26100.7705","Microsoft Corporation","20260306"
"WinRT Intellisense UAP - Other Languages","10.1.19041.685","Microsoft Corporation","20240912"
"WPT Redistributables","10.1.26100.7705","Microsoft","20260306"
"WPTx64 (DesktopEditions)","10.1.26100.7705","Microsoft","20260306"
"WPTx64 (OnecoreUAP)","10.1.26100.7705","Microsoft","20260306"
